,HH_urban,HH_rural,HH_total,totalBuildings,urbanBuildings,ruralBuildings,shareRuralBuild,shareUrbanBuild,shareUrbanResBui,shareRuralResBui,resUrbanBui,resRuralBui,resTotalBui,nbOfHHperResBui_average,HHwithAccess_urb,HHwithAccess_rur,HHwithAccess,HHwithAccess_urb_wostatus,HHwithAccess_rur_wostatus,HHwithAccess_wostatus,accessRateHH,accessRateHH_urban,accessRateHH_rural
Balaka,11436.0,90139.0,101575.0,269981.0,24769.0,245212.0,0.9082565069393772,0.09174349306062278,0.4197328772402453,0.3675962024696997,10396.363636363636,90139.0,100535.36363636363,1.0103410016737666,8447.955196517523,17861.191705463632,26309.146901981156,10761.513000405854,20008.373387083204,30769.88638748906,0.25901202955433084,0.7387159143509552,0.19815165139910174
Blantyre,191682.0,109963.0,301645.0,516276.0,327898.0,188378.0,0.3648784758540006,0.6351215241459994,0.5314346645492306,0.5837358927263269,174256.36363636362,109963.0,284219.36363636365,1.0613105178362552,155552.46908066393,48318.745880240014,203871.21496090395,188958.7853885571,48866.423517961324,237825.2089065184,0.6758647249611429,0.8115131784970103,0.43940912743595584
Chikwawa,2961.0,124240.0,127201.0,316177.0,18857.0,297320.0,0.940359355677358,0.059640644322642065,0.14274901531623174,0.4178662720301359,2691.818181818182,124240.0,126931.81818181818,1.0021206803939122,1285.2835306055183,35218.08648620835,36503.37001681387,2347.5339658092307,37297.4376918377,39644.97165764693,0.2869739232931649,0.4340707634601548,0.2834681784144265
Chiradzulu,751.0,89800.0,90551.0,240194.0,41833.0,198361.0,0.8258366154025496,0.1741633845974504,0.016320303892316416,0.4527099581066843,682.7272727272726,89800.0,90482.72727272728,1.0007545387869106,443.0508112842896,36397.3010877315,36840.35189901579,654.7574151212099,36868.958486920565,37523.715902041775,0.4068464390124437,0.5899478179551126,0.40531515687896996
Chitipa,3751.0,45910.0,49661.0,167110.0,16684.0,150426.0,0.9001615702232063,0.09983842977679373,0.20438743706545193,0.30519989895363836,3410.0,45910.00000000001,49320.00000000001,1.0069140308191402,2274.292815062209,5339.3227436775105,7613.61555873972,3440.8480055785362,6603.852535036842,10044.700540615378,0.15331176494109502,0.6063163996433508,0.11629977659937944
Dedza,7299.0,188704.0,196003.0,511073.0,0.0,511073.0,1.0,0.0,inf,0.36923101005140163,,188704.0,,,0.0,25239.46246051063,25239.46246051063,0.0,29561.33082981667,29561.33082981667,0.12877079667408473,0.0,0.13375160283041498
Dowa,7227.0,169025.0,176252.0,526310.0,0.0,526310.0,1.0,0.0,inf,0.32115103266135925,,169025.0,,,0.0,27370.508430973885,27370.508430973885,0.0,31557.23742545911,31557.23742545911,0.15529190267897036,0.0,0.16193171679321924
Karonga,12650.0,62303.0,74953.0,159099.0,81658.0,77441.0,0.48674724542580405,0.513252754574196,0.14083127189007813,0.8045221523482393,11500.0,62303.0,73803.0,1.015582022411013,3818.836520656211,12161.038678953968,15979.87519961018,7658.433454530879,13485.340633548656,21143.77408807953,0.21319860712193214,0.30188430993329735,0.1951918636173855
Kasungu,24880.0,154804.0,179684.0,544905.0,26015.0,518890.0,0.9522577329993301,0.047742267000669844,0.8694284765781978,0.2983368343965002,22618.181818181816,154804.0,177422.18181818182,1.012748226623298,16459.7928446922,15678.079565714886,32137.87241040709,22623.38281942279,19592.16601128267,42215.548830705455,0.17885773029544694,0.6615672365229984,0.10127696678196227
Likoma,263.0,2629.0,2892.0,2566.0,0.0,2566.0,1.0,0.0,inf,1.024551831644583,,2629.0,,,0.0,0.0,0.0,0.0,164.63860209529383,164.63860209529383,0.0,0.0,0.0
Lilongwe,230266.0,384902.0,615168.0,1303649.0,385576.0,918073.0,0.7042332713790291,0.2957667286209708,0.5429091210882608,0.4192498853577003,209332.72727272726,384902.0,594234.7272727273,1.0352272793334498,192913.38397824185,98692.47369141782,291605.85766965966,228908.40043915168,105707.65573882169,334616.05617797334,0.4740263759975481,0.8377849269029811,0.25640935534608245
Machinga,5627.0,158549.0,164176.0,380240.0,47907.0,332333.0,0.8740085209341468,0.12599147906585315,0.10677885372606394,0.4770787132183683,5115.454545454545,158549.0,163664.45454545456,1.0031255745541459,596.8268344125496,23065.4995687205,23662.32640313305,2686.4696080210615,27546.95161797633,30233.42122599739,0.14412780432665584,0.10606483639817836,0.1454786821028231
Mangochi,15070.0,237802.0,252872.0,638207.0,35603.0,602604.0,0.9442140246033027,0.05578597539669731,0.38479903378928737,0.39462399851311974,13699.999999999998,237802.0,251502.0,1.0054472727851071,9207.531415078323,54010.669018600915,63218.20043367924,12571.947161070013,58236.09356114974,70808.04072221975,0.25000079262899505,0.610984168220194,0.22712453645722455
Mchinji,6269.0,128530.0,134799.0,321636.0,0.0,321636.0,1.0,0.0,inf,0.39961322737504507,,128530.0,,,0.0,23965.125584136873,23965.125584136873,0.0,26420.71244160051,26420.71244160051,0.17778414961636863,0.0,0.18645550131593303
Mulanje,3460.0,156687.0,160147.0,357546.0,85888.0,271658.0,0.7597847549685914,0.24021524503140854,0.0366227475951768,0.5767803635453401,3145.454545454545,156687.0,159832.45454545456,1.0019679698684474,301.5563307396424,41066.56936318587,41368.12569392551,1268.33676357093,43788.09618625942,45056.43294983035,0.25831346009557166,0.08715500888428972,0.2620930221600124
Mwanza,4180.0,26165.0,30345.0,71514.0,0.0,71514.0,1.0,0.0,inf,0.36587241658975866,,26165.0,,,0.0,8423.390559796115,8423.390559796115,0.0,8891.08866013419,8891.08866013419,0.277587429882884,0.0,0.32193352034382244
Mzimba,55010.0,190744.0,245754.0,773404.0,104835.0,668569.0,0.864449886475891,0.135550113524109,0.47702666961502266,0.28530189105387777,50009.0909090909,190744.0,240753.09090909088,1.0207719413778886,44599.20564654508,23697.820625004893,68297.02627154997,54271.30809994037,28009.42112040605,82280.72922034642,0.2779080961919235,0.810747239529996,0.12423887841821968
Neno,520.0,30970.0,31490.0,98305.0,0.0,98305.0,1.0,0.0,inf,0.3150399267585576,,30970.000000000004,,,0.0,8152.303969179064,8152.303969179064,0.0,8716.66963082689,8716.66963082689,0.2588854864775822,0.0,0.2632322883170508
Nkhata Bay,2610.0,49446.0,52056.0,147944.0,5682.0,142262.0,0.9615935759476558,0.03840642405234413,0.4175866372276087,0.34756997652219146,2372.7272727272725,49446.0,51818.72727272727,1.0045788991694824,1868.0657978110748,12076.657702499688,13944.723500310763,2534.4476754485163,13253.933663506008,15788.381338954525,0.2678792742490926,0.7157340221498371,0.2442393257796321
Nkhotakota,5763.0,74136.0,79899.0,216329.0,18940.0,197389.0,0.9124481692237286,0.08755183077627132,0.2766151483152539,0.37558323918759406,5239.090909090909,74136.0,79375.09090909091,1.0066004219322298,3425.9214789797097,14272.546073717698,17698.467552697406,5007.075962761271,16084.229915770506,21091.305878531777,0.22151050141675624,0.5944684155786413,0.1925184265905592
Nsanje,5740.0,58232.0,63972.0,145406.0,25872.0,119534.0,0.8220706160681127,0.17792938393188726,0.2016922471467926,0.48715846537386853,5218.181818181818,58232.0,63450.181818181816,1.008224061253496,3196.1812983451955,12903.765396198558,16099.946694543754,4513.446794007685,13875.090435222715,18388.537229230402,0.2516717735031538,0.5568260101646682,0.2215923443501607
Ntcheu,4991.0,149983.0,154974.0,407977.0,0.0,407977.0,1.0,0.0,inf,0.36762611617811786,,149983.0,,,0.0,22961.13147800394,22961.13147800394,0.0,26233.685561091654,26233.685561091654,0.14816118496008324,0.0,0.1530915602301857
Ntchisi,2086.0,68587.0,70673.0,239822.0,0.0,239822.0,1.0,0.0,inf,0.28599127686367387,,68587.0,,,0.0,7000.552556741793,7000.552556741793,0.0,8984.280565411267,8984.280565411267,0.0990555453531305,0.0,0.10206821346234407
Phalombe,1437.0,97411.0,98848.0,250319.0,168644.0,81675.0,0.32628366204722775,0.6737163379527723,0.007746279952821542,1.1926660544842362,1306.3636363636363,97411.0,98717.36363636363,1.0013233372410306,0.0,4063.709350250487,4063.709350250487,270.3117891531216,6793.772595163655,7064.084384316777,0.04111068863558683,0.0,0.041717150529719305
Rumphi,4591.0,42469.0,47060.0,141152.0,0.0,141152.0,1.0,0.0,inf,0.300874234867377,,42469.0,,,0.0,11298.419383009164,11298.419383009164,0.0,11887.23229276188,11887.23229276188,0.2400854097537009,0.0,0.26603921408578407
Salima,9530.0,96028.0,105558.0,225898.0,24947.0,200951.0,0.8895652019938202,0.11043479800617978,0.34728169173192625,0.47786773890152323,8663.636363636364,96028.0,104691.63636363637,1.0082753853741897,6584.787688963999,19012.569976311966,25597.357665275966,8502.743611674709,20927.68932545627,29430.43293713098,0.2424956674555786,0.6909535875093389,0.1979898568783268
Thyolo,4933.0,169171.0,174104.0,344698.0,89237.0,255461.0,0.7411154111715182,0.25888458882848175,0.05025432785218524,0.6622184991055386,4484.545454545454,169171.0,173655.54545454544,1.0025824372281387,664.7825584505409,58479.02021710298,59143.80277555352,2324.6355804889727,60465.24067360628,62789.876254095245,0.3397038711089551,0.13476232687016845,0.34567993460523955
Zomba,24993.0,177681.0,202674.0,513230.0,209052.0,304178.0,0.5926738499308303,0.4073261500691698,0.10868544233448658,0.5841349473005937,22720.90909090909,177680.99999999997,200401.90909090906,1.0113376709802713,5371.348670306458,32629.11240016241,38000.46107046887,11427.077523677084,36220.838646631586,47647.91617030867,0.18749549064245472,0.214914122766633,0.18363872558215233
National,649976.0,3335010.0,3984986.0,9830967.0,1739897.0,8091070.0,23.770938447265483,4.229061552734519,inf,13.260152056585051,556863.6363636362,3335010.0,3084811.6363636362,19.219233269642174,457011.2724973563,699355.0739535152,1156366.3464508713,570731.455058391,766048.4417528387,1336779.8968112294,0.29018078017109,0.7031202267427663,0.20970104256164604
