DATAFLOW,REF_AREA,COMMODITY,TRANSACTION,UNIT,TIME_PERIOD,OBS_VALUE,ESTIMATE,FOOTNOTES,UNIT_MULT
UNSD:DF_UNData_EnergyBalance(1.0),454,B00_CL,B51_1234,HSO,2002,464.40000000000003,Y,,0
UNSD:DF_UNData_EnergyBalance(1.0),454,B00_CL,B51_1234,HSO,2003,748.2,Y,,0
UNSD:DF_UNData_EnergyBalance(1.0),454,B00_CL,B51_1234,HSO,2004,774,Y,,0
UNSD:DF_UNData_EnergyBalance(1.0),454,B00_CL,B51_1234,HSO,2005,774,Y,,0
UNSD:DF_UNData_EnergyBalance(1.0),454,B00_CL,B51_1234,HSO,2006,774,Y,,0
UNSD:DF_UNData_EnergyBalance(1.0),454,B00_CL,B51_1234,HSO,2007,774,Y,,0
UNSD:DF_UNData_EnergyBalance(1.0),454,B00_CL,B51_1234,HSO,2008,837.726,Y,,0
UNSD:DF_UNData_EnergyBalance(1.0),454,B00_CL,B51_1234,HSO,2009,825.6,Y,,0
UNSD:DF_UNData_EnergyBalance(1.0),454,B00_CL,B51_1234,HSO,2010,753.36,Y,,0
UNSD:DF_UNData_EnergyBalance(1.0),454,B00_CL,B51_1234,HSO,2011,933.9600000000002,Y,,0
UNSD:DF_UNData_EnergyBalance(1.0),454,B00_CL,B51_1234,HSO,2012,882.3600000000001,Y,,0
UNSD:DF_UNData_EnergyBalance(1.0),454,B00_CL,B51_1234,HSO,2013,843.6600000000001,Y,,0
UNSD:DF_UNData_EnergyBalance(1.0),454,B00_CL,B51_1234,HSO,2014,632.1,Y,,0
UNSD:DF_UNData_EnergyBalance(1.0),454,B00_CL,B51_1234,HSO,2015,709.758,Y,,0
UNSD:DF_UNData_EnergyBalance(1.0),454,B00_CL,B51_1234,HSO,2016,583.08,Y,,0
UNSD:DF_UNData_EnergyBalance(1.0),454,B00_CL,B51_1234,HSO,2017,554.7,Y,,0
UNSD:DF_UNData_EnergyBalance(1.0),454,B00_CL,B51_1234,HSO,2018,732.72,Y,,0
UNSD:DF_UNData_EnergyBalance(1.0),454,B00_CL,B51_1234,HSO,2019,781.74,Y,,0
UNSD:DF_UNData_EnergyBalance(1.0),454,B00_CL,B51_1234,HSO,2020,645,Y,,0
UNSD:DF_UNData_EnergyBalance(1.0),454,B00_CL,B51_1234,HSO,2021,180.6,Y,,0
UNSD:DF_UNData_EnergyBalance(1.0),454,B00_CL,B51_1234,HSO,2022,516,Y,,0
UNSD:DF_UNData_EnergyBalance(1.0),454,B03_OP,B48_1232,HSO,1991,301,Y,,0
UNSD:DF_UNData_EnergyBalance(1.0),454,B03_OP,B48_1232,HSO,1992,301,Y,,0
UNSD:DF_UNData_EnergyBalance(1.0),454,B03_OP,B48_1232,HSO,1993,344,Y,,0
UNSD:DF_UNData_EnergyBalance(1.0),454,B03_OP,B48_1232,HSO,1994,344,Y,,0
UNSD:DF_UNData_EnergyBalance(1.0),454,B03_OP,B48_1232,HSO,1995,387,Y,,0
UNSD:DF_UNData_EnergyBalance(1.0),454,B03_OP,B48_1232,HSO,2020,279.5,N,,0
UNSD:DF_UNData_EnergyBalance(1.0),454,B03_OP,B48_1232,HSO,2021,253.70000000000002,N,,0
UNSD:DF_UNData_EnergyBalance(1.0),454,B03_OP,B48_1232,HSO,2022,313.9,N,,0
UNSD:DF_UNData_EnergyBalance(1.0),454,B03_OP,B49_1235,HSO,2015,15.609,Y,,0
UNSD:DF_UNData_EnergyBalance(1.0),454,B03_OP,B49_1235,HSO,2016,19.392999999999997,Y,,0
UNSD:DF_UNData_EnergyBalance(1.0),454,B03_OP,B49_1235,HSO,2017,20.811999999999998,Y,,0
UNSD:DF_UNData_EnergyBalance(1.0),454,B03_OP,B49_1235,HSO,2020,739.6,N,,0
UNSD:DF_UNData_EnergyBalance(1.0),454,B03_OP,B49_1235,HSO,2021,679.4,N,,0
UNSD:DF_UNData_EnergyBalance(1.0),454,B03_OP,B49_1235,HSO,2022,834.1999999999999,N,,0
UNSD:DF_UNData_EnergyBalance(1.0),454,B03_OP,B50_1231,HSO,1991,627.2,Y,,0
UNSD:DF_UNData_EnergyBalance(1.0),454,B03_OP,B50_1231,HSO,1992,627.2,Y,,0
UNSD:DF_UNData_EnergyBalance(1.0),454,B03_OP,B50_1231,HSO,1993,714.8,Y,,0
UNSD:DF_UNData_EnergyBalance(1.0),454,B03_OP,B50_1231,HSO,1994,802.3999999999999,Y,,0
UNSD:DF_UNData_EnergyBalance(1.0),454,B03_OP,B50_1231,HSO,1995,802.3999999999999,Y,,0
UNSD:DF_UNData_EnergyBalance(1.0),454,B03_OP,B50_1231,HSO,1996,846.2,Y,,0
UNSD:DF_UNData_EnergyBalance(1.0),454,B03_OP,B50_1231,HSO,1997,846.2,Y,,0
UNSD:DF_UNData_EnergyBalance(1.0),454,B03_OP,B50_1231,HSO,1998,1119.5554779999998,Y,,0
UNSD:DF_UNData_EnergyBalance(1.0),454,B03_OP,B50_1231,HSO,1999,1679.1139999999998,Y,,0
UNSD:DF_UNData_EnergyBalance(1.0),454,B03_OP,B50_1231,HSO,2000,1151.2359999999999,Y,,0
UNSD:DF_UNData_EnergyBalance(1.0),454,B03_OP,B50_1231,HSO,2001,711.221,Y,,0
UNSD:DF_UNData_EnergyBalance(1.0),454,B03_OP,B50_1231,HSO,2002,783.491,Y,,0
UNSD:DF_UNData_EnergyBalance(1.0),454,B03_OP,B50_1231,HSO,2003,878.9749999999999,Y,,0
UNSD:DF_UNData_EnergyBalance(1.0),454,B03_OP,B50_1231,HSO,2004,925.4899999999999,Y,,0
UNSD:DF_UNData_EnergyBalance(1.0),454,B03_OP,B50_1231,HSO,2005,821.6839999999999,Y,,0
UNSD:DF_UNData_EnergyBalance(1.0),454,B03_OP,B50_1231,HSO,2006,815.1099999999999,Y,,0
UNSD:DF_UNData_EnergyBalance(1.0),454,B03_OP,B50_1231,HSO,2007,741.088,Y,,0
UNSD:DF_UNData_EnergyBalance(1.0),454,B03_OP,B50_1231,HSO,2008,740.912,Y,,0
UNSD:DF_UNData_EnergyBalance(1.0),454,B03_OP,B50_1231,HSO,2009,597.6859999999999,Y,,0
UNSD:DF_UNData_EnergyBalance(1.0),454,B03_OP,B50_1231,HSO,2010,481.61599999999993,Y,,0
UNSD:DF_UNData_EnergyBalance(1.0),454,B03_OP,B50_1231,HSO,2011,472.33000000000004,Y,,0
UNSD:DF_UNData_EnergyBalance(1.0),454,B03_OP,B50_1231,HSO,2012,337.076,Y,,0
UNSD:DF_UNData_EnergyBalance(1.0),454,B03_OP,B50_1231,HSO,2013,170.986,Y,,0
UNSD:DF_UNData_EnergyBalance(1.0),454,B03_OP,B50_1231,HSO,2014,167.832,Y,,0
UNSD:DF_UNData_EnergyBalance(1.0),454,B03_OP,B50_1231,HSO,2015,33.567,Y,,0
UNSD:DF_UNData_EnergyBalance(1.0),454,B03_OP,B50_1231,HSO,2016,50.087999999999994,Y,,0
UNSD:DF_UNData_EnergyBalance(1.0),454,B03_OP,B50_1231,HSO,2017,43.14999999999999,Y,,0
UNSD:DF_UNData_EnergyBalance(1.0),454,B03_OP,B50_1231,HSO,2018,139.71159999999998,N,,0
UNSD:DF_UNData_EnergyBalance(1.0),454,B03_OP,B50_1231,HSO,2019,140.85,N,,0
UNSD:DF_UNData_EnergyBalance(1.0),454,B03_OP,B50_1231,HSO,2020,76.7945,N,,0
UNSD:DF_UNData_EnergyBalance(1.0),454,B03_OP,B50_1231,HSO,2021,104.7017698,N,,0
UNSD:DF_UNData_EnergyBalance(1.0),454,B03_OP,B50_1231,HSO,2022,123.58020404858297,N,,0
UNSD:DF_UNData_EnergyBalance(1.0),454,B03_OP,B51_1234,HSO,1991,817,Y,,0
UNSD:DF_UNData_EnergyBalance(1.0),454,B03_OP,B51_1234,HSO,1992,731,Y,,0
UNSD:DF_UNData_EnergyBalance(1.0),454,B03_OP,B51_1234,HSO,1993,129,Y,,0
UNSD:DF_UNData_EnergyBalance(1.0),454,B03_OP,B51_1234,HSO,1995,0,N,,0
UNSD:DF_UNData_EnergyBalance(1.0),454,B03_OP,B51_1234,HSO,1996,0,N,,0
UNSD:DF_UNData_EnergyBalance(1.0),454,B03_OP,B51_1234,HSO,1997,0,N,,0
UNSD:DF_UNData_EnergyBalance(1.0),454,B03_OP,B51_1234,HSO,1998,0,N,,0
UNSD:DF_UNData_EnergyBalance(1.0),454,B03_OP,B51_1234,HSO,1999,40.4,N,,0
UNSD:DF_UNData_EnergyBalance(1.0),454,B03_OP,B51_1234,HSO,2000,40.4,N,,0
UNSD:DF_UNData_EnergyBalance(1.0),454,B03_OP,B51_1234,HSO,2001,40.4,N,,0
UNSD:DF_UNData_EnergyBalance(1.0),454,B03_OP,B51_1234,HSO,2002,40.4,N,,0
UNSD:DF_UNData_EnergyBalance(1.0),454,B03_OP,B51_1234,HSO,2003,40.4,Y,,0
UNSD:DF_UNData_EnergyBalance(1.0),454,B03_OP,B51_1234,HSO,2004,40.4,Y,,0
UNSD:DF_UNData_EnergyBalance(1.0),454,B03_OP,B51_1234,HSO,2005,40.4,Y,,0
UNSD:DF_UNData_EnergyBalance(1.0),454,B03_OP,B51_1234,HSO,2006,40.4,Y,,0
UNSD:DF_UNData_EnergyBalance(1.0),454,B03_OP,B51_1234,HSO,2007,80.8,Y,,0
UNSD:DF_UNData_EnergyBalance(1.0),454,B03_OP,B51_1234,HSO,2008,67.46799999999999,Y,,0
UNSD:DF_UNData_EnergyBalance(1.0),454,B03_OP,B51_1234,HSO,2009,80.8,Y,,0
UNSD:DF_UNData_EnergyBalance(1.0),454,B03_OP,B51_1234,HSO,2010,80.8,Y,,0
UNSD:DF_UNData_EnergyBalance(1.0),454,B03_OP,B51_1234,HSO,2011,80.8,Y,,0
UNSD:DF_UNData_EnergyBalance(1.0),454,B03_OP,B51_1234,HSO,2012,80.8,Y,,0
UNSD:DF_UNData_EnergyBalance(1.0),454,B03_OP,B51_1234,HSO,2013,84.84,Y,,0
UNSD:DF_UNData_EnergyBalance(1.0),454,B03_OP,B51_1234,HSO,2014,88.88000000000001,Y,,0
UNSD:DF_UNData_EnergyBalance(1.0),454,B03_OP,B51_1234,HSO,2015,88.88000000000001,Y,,0
UNSD:DF_UNData_EnergyBalance(1.0),454,B03_OP,B51_1234,HSO,2016,88.88000000000001,Y,,0
UNSD:DF_UNData_EnergyBalance(1.0),454,B03_OP,B51_1234,HSO,2017,88.88000000000001,Y,,0
UNSD:DF_UNData_EnergyBalance(1.0),454,B03_OP,B51_1234,HSO,2018,92.91999999999999,Y,,0
UNSD:DF_UNData_EnergyBalance(1.0),454,B03_OP,B51_1234,HSO,2019,96.96,Y,,0
UNSD:DF_UNData_EnergyBalance(1.0),454,B03_OP,B51_1234,HSO,2020,88.88000000000001,Y,,0
UNSD:DF_UNData_EnergyBalance(1.0),454,B03_OP,B51_1234,HSO,2021,92.91999999999999,Y,,0
UNSD:DF_UNData_EnergyBalance(1.0),454,B03_OP,B51_1234,HSO,2022,96.96,Y,,0
UNSD:DF_UNData_EnergyBalance(1.0),454,B05_BW,B49_1235,HSO,2008,970.2,N,,0
UNSD:DF_UNData_EnergyBalance(1.0),454,B05_BW,B49_1235,HSO,2009,996.2819999999999,N,,0
UNSD:DF_UNData_EnergyBalance(1.0),454,B05_BW,B49_1235,HSO,2010,1022.3766,N,,0
UNSD:DF_UNData_EnergyBalance(1.0),454,B05_BW,B49_1235,HSO,2011,1048.4838,N,,0
UNSD:DF_UNData_EnergyBalance(1.0),454,B05_BW,B49_1235,HSO,2012,1074.024,N,,0
UNSD:DF_UNData_EnergyBalance(1.0),454,B05_BW,B49_1235,HSO,2013,1099.5768,N,,0
UNSD:DF_UNData_EnergyBalance(1.0),454,B05_BW,B49_1235,HSO,2014,1125.117,N,,0
UNSD:DF_UNData_EnergyBalance(1.0),454,B05_BW,B49_1235,HSO,2015,1150.6698,N,,0
UNSD:DF_UNData_EnergyBalance(1.0),454,B05_BW,B49_1235,HSO,2016,1176.21,N,,0
UNSD:DF_UNData_EnergyBalance(1.0),454,B05_BW,B49_1235,HSO,2017,1198.6254,N,,0
UNSD:DF_UNData_EnergyBalance(1.0),454,B05_BW,B49_1235,HSO,2018,1221.0408,N,,0
UNSD:DF_UNData_EnergyBalance(1.0),454,B05_BW,B49_1235,HSO,2019,1243.4562,N,,0
UNSD:DF_UNData_EnergyBalance(1.0),454,B05_BW,B49_1235,HSO,2020,1587.8500031499998,N,,0
UNSD:DF_UNData_EnergyBalance(1.0),454,B05_BW,B49_1235,HSO,2021,1632.869997795,N,,0
UNSD:DF_UNData_EnergyBalance(1.0),454,B05_BW,B49_1235,HSO,2022,1682.10000126,N,,0
UNSD:DF_UNData_EnergyBalance(1.0),454,B05_BW,B50_1231,HSO,1991,59997.7665,Y,,0
UNSD:DF_UNData_EnergyBalance(1.0),454,B05_BW,B50_1231,HSO,1992,61896.933,Y,,0
UNSD:DF_UNData_EnergyBalance(1.0),454,B05_BW,B50_1231,HSO,1993,63740.376000000004,Y,,0
UNSD:DF_UNData_EnergyBalance(1.0),454,B05_BW,B50_1231,HSO,1994,64593.585,Y,,0
UNSD:DF_UNData_EnergyBalance(1.0),454,B05_BW,B50_1231,HSO,1995,63599.697,Y,,0
UNSD:DF_UNData_EnergyBalance(1.0),454,B05_BW,B50_1231,HSO,1996,63341.176499999994,Y,,0
UNSD:DF_UNData_EnergyBalance(1.0),454,B05_BW,B50_1231,HSO,1997,64572.574499999995,Y,,0
UNSD:DF_UNData_EnergyBalance(1.0),454,B05_BW,B50_1231,HSO,1998,65834.118,Y,,0
UNSD:DF_UNData_EnergyBalance(1.0),454,B05_BW,B50_1231,HSO,1999,67218.0705,Y,,0
UNSD:DF_UNData_EnergyBalance(1.0),454,B05_BW,B50_1231,HSO,2000,68752.7505,Y,,0
UNSD:DF_UNData_EnergyBalance(1.0),454,B05_BW,B50_1231,HSO,2001,70374.213,Y,,0
UNSD:DF_UNData_EnergyBalance(1.0),454,B05_BW,B50_1231,HSO,2002,72093.42,Y,,0
UNSD:DF_UNData_EnergyBalance(1.0),454,B05_BW,B50_1231,HSO,2003,73924.074,Y,,0
UNSD:DF_UNData_EnergyBalance(1.0),454,B05_BW,B50_1231,HSO,2004,75869.829,Y,,0
UNSD:DF_UNData_EnergyBalance(1.0),454,B05_BW,B50_1231,HSO,2005,80396.70909653499,N,,0
UNSD:DF_UNData_EnergyBalance(1.0),454,B05_BW,B50_1231,HSO,2006,82740.10229716501,N,,0
UNSD:DF_UNData_EnergyBalance(1.0),454,B05_BW,B50_1231,HSO,2007,85142.478604095,N,,0
UNSD:DF_UNData_EnergyBalance(1.0),454,B05_BW,B50_1231,HSO,2008,87426.84229558999,N,,0
UNSD:DF_UNData_EnergyBalance(1.0),454,B05_BW,B50_1231,HSO,2009,89770.20599622,N,,0
UNSD:DF_UNData_EnergyBalance(1.0),454,B05_BW,B50_1231,HSO,2010,92113.61180315,N,,0
UNSD:DF_UNData_EnergyBalance(1.0),454,B05_BW,B50_1231,HSO,2011,94456.97550378,N,,0
UNSD:DF_UNData_EnergyBalance(1.0),454,B05_BW,B50_1231,HSO,2012,97084.59449685,N,,0
UNSD:DF_UNData_EnergyBalance(1.0),454,B05_BW,B50_1231,HSO,2013,99712.242999055,N,,0
UNSD:DF_UNData_EnergyBalance(1.0),454,B05_BW,B50_1231,HSO,2014,102339.86200126,N,,0
UNSD:DF_UNData_EnergyBalance(1.0),454,B05_BW,B50_1231,HSO,2015,104967.49360063001,N,,0
UNSD:DF_UNData_EnergyBalance(1.0),454,B05_BW,B50_1231,HSO,2016,107595.112602835,N,,0
UNSD:DF_UNData_EnergyBalance(1.0),454,B05_BW,B50_1231,HSO,2017,110077.78650378001,N,,0
UNSD:DF_UNData_EnergyBalance(1.0),454,B05_BW,B50_1231,HSO,2018,112560.47300189,N,,0
UNSD:DF_UNData_EnergyBalance(1.0),454,B05_BW,B50_1231,HSO,2019,115043.13,N,,0
UNSD:DF_UNData_EnergyBalance(1.0),454,B05_BW,B50_1231,HSO,2020,117526.33000126,N,,0
UNSD:DF_UNData_EnergyBalance(1.0),454,B05_BW,B50_1231,HSO,2021,120006.519995905,N,,0
UNSD:DF_UNData_EnergyBalance(1.0),454,B05_BW,B50_1231,HSO,2022,122490.91999937,N,,0
UNSD:DF_UNData_EnergyBalance(1.0),454,B05_BW,B51_1234,HSO,1991,2076.8,Y,,0
UNSD:DF_UNData_EnergyBalance(1.0),454,B05_BW,B51_1234,HSO,1992,2118.1,Y,,0
UNSD:DF_UNData_EnergyBalance(1.0),454,B05_BW,B51_1234,HSO,1993,2159.4,Y,,0
UNSD:DF_UNData_EnergyBalance(1.0),454,B05_BW,B51_1234,HSO,1994,2203.65,Y,,0
UNSD:DF_UNData_EnergyBalance(1.0),454,B05_BW,B51_1234,HSO,1995,2247.9,Y,,0
UNSD:DF_UNData_EnergyBalance(1.0),454,B05_BW,B51_1234,HSO,1996,2292.15,Y,,0
UNSD:DF_UNData_EnergyBalance(1.0),454,B05_BW,B51_1234,HSO,1997,2339.35,Y,,0
UNSD:DF_UNData_EnergyBalance(1.0),454,B05_BW,B51_1234,HSO,1998,2386.55,Y,,0
UNSD:DF_UNData_EnergyBalance(1.0),454,B05_BW,B51_1234,HSO,1999,2433.75,Y,,0
UNSD:DF_UNData_EnergyBalance(1.0),454,B05_BW,B51_1234,HSO,2000,2480.95,Y,,0
UNSD:DF_UNData_EnergyBalance(1.0),454,B05_BW,B51_1234,HSO,2001,2531.1,Y,,0
UNSD:DF_UNData_EnergyBalance(1.0),454,B05_BW,B51_1234,HSO,2002,2581.25,Y,,0
UNSD:DF_UNData_EnergyBalance(1.0),454,B05_BW,B51_1234,HSO,2003,2631.4,Y,,0
UNSD:DF_UNData_EnergyBalance(1.0),454,B05_BW,B51_1234,HSO,2004,2684.5,Y,,0
UNSD:DF_UNData_EnergyBalance(1.0),454,B05_BW,B51_1234,HSO,2005,295,Y,,0
UNSD:DF_UNData_EnergyBalance(1.0),454,B05_BW,B51_1234,HSO,2006,295,Y,,0
UNSD:DF_UNData_EnergyBalance(1.0),454,B05_BW,B51_1234,HSO,2007,295,Y,,0
UNSD:DF_UNData_EnergyBalance(1.0),454,B05_BW,B51_1234,HSO,2008,313.467,N,,0
UNSD:DF_UNData_EnergyBalance(1.0),454,B05_BW,B51_1234,HSO,2009,321.845,N,,0
UNSD:DF_UNData_EnergyBalance(1.0),454,B05_BW,B51_1234,HSO,2010,330.1935,N,,0
UNSD:DF_UNData_EnergyBalance(1.0),454,B05_BW,B51_1234,HSO,2011,338.542,N,,0
UNSD:DF_UNData_EnergyBalance(1.0),454,B05_BW,B51_1234,HSO,2012,350.0175,N,,0
UNSD:DF_UNData_EnergyBalance(1.0),454,B05_BW,B51_1234,HSO,2013,361.4635,N,,0
UNSD:DF_UNData_EnergyBalance(1.0),454,B05_BW,B51_1234,HSO,2014,372.93899999999996,N,,0
UNSD:DF_UNData_EnergyBalance(1.0),454,B05_BW,B51_1234,HSO,2015,384.385,N,,0
UNSD:DF_UNData_EnergyBalance(1.0),454,B05_BW,B51_1234,HSO,2016,395.89,N,,0
UNSD:DF_UNData_EnergyBalance(1.0),454,B05_BW,B51_1234,HSO,2017,360.46049999999997,N,,0
UNSD:DF_UNData_EnergyBalance(1.0),454,B05_BW,B51_1234,HSO,2018,419.49,N,,0
UNSD:DF_UNData_EnergyBalance(1.0),454,B05_BW,B51_1234,HSO,2019,431.28999999999996,N,,0
UNSD:DF_UNData_EnergyBalance(1.0),454,B07_EL,B48_1232,HSO,2016,13.68,N,,0
UNSD:DF_UNData_EnergyBalance(1.0),454,B07_EL,B48_1232,HSO,2017,3.9600000000000004,N,,0
UNSD:DF_UNData_EnergyBalance(1.0),454,B07_EL,B48_1232,HSO,2018,18.720000000000002,N,,0
UNSD:DF_UNData_EnergyBalance(1.0),454,B07_EL,B48_1232,HSO,2019,16.92,N,,0
UNSD:DF_UNData_EnergyBalance(1.0),454,B07_EL,B48_1232,HSO,2020,16.92,N,,0
UNSD:DF_UNData_EnergyBalance(1.0),454,B07_EL,B48_1232,HSO,2021,18.36,N,,0
UNSD:DF_UNData_EnergyBalance(1.0),454,B07_EL,B48_1232,HSO,2022,18.720000000000002,N,,0
UNSD:DF_UNData_EnergyBalance(1.0),454,B07_EL,B49_1235,HSO,1991,360,Y,,0
UNSD:DF_UNData_EnergyBalance(1.0),454,B07_EL,B49_1235,HSO,1992,369,N,,0
UNSD:DF_UNData_EnergyBalance(1.0),454,B07_EL,B49_1235,HSO,1993,379.08,N,,0
UNSD:DF_UNData_EnergyBalance(1.0),454,B07_EL,B49_1235,HSO,1994,424.08,N,,0
UNSD:DF_UNData_EnergyBalance(1.0),454,B07_EL,B49_1235,HSO,1995,432,N,,0
UNSD:DF_UNData_EnergyBalance(1.0),454,B07_EL,B49_1235,HSO,1996,451.8,N,,0
UNSD:DF_UNData_EnergyBalance(1.0),454,B07_EL,B49_1235,HSO,1997,456.12,N,,0
UNSD:DF_UNData_EnergyBalance(1.0),454,B07_EL,B49_1235,HSO,1998,426.6,N,,0
UNSD:DF_UNData_EnergyBalance(1.0),454,B07_EL,B49_1235,HSO,1999,470.88000000000005,N,,0
UNSD:DF_UNData_EnergyBalance(1.0),454,B07_EL,B49_1235,HSO,2000,540,N,,0
UNSD:DF_UNData_EnergyBalance(1.0),454,B07_EL,B49_1235,HSO,2001,460.44000000000005,N,,0
UNSD:DF_UNData_EnergyBalance(1.0),454,B07_EL,B49_1235,HSO,2002,506.15999999999997,N,,0
UNSD:DF_UNData_EnergyBalance(1.0),454,B07_EL,B49_1235,HSO,2003,1050.12,N,,0
UNSD:DF_UNData_EnergyBalance(1.0),454,B07_EL,B49_1235,HSO,2004,635.76,N,,0
UNSD:DF_UNData_EnergyBalance(1.0),454,B07_EL,B49_1235,HSO,2005,665.64,N,,0
UNSD:DF_UNData_EnergyBalance(1.0),454,B07_EL,B49_1235,HSO,2006,700.56,N,,0
UNSD:DF_UNData_EnergyBalance(1.0),454,B07_EL,B49_1235,HSO,2007,749.8800000000001,N,,0
UNSD:DF_UNData_EnergyBalance(1.0),454,B07_EL,B49_1235,HSO,2008,795.24,N,,0
UNSD:DF_UNData_EnergyBalance(1.0),454,B07_EL,B49_1235,HSO,2009,799.2,N,,0
UNSD:DF_UNData_EnergyBalance(1.0),454,B07_EL,B49_1235,HSO,2010,1019.8800000000001,N,,0
UNSD:DF_UNData_EnergyBalance(1.0),454,B07_EL,B49_1235,HSO,2011,887.4,N,,0
UNSD:DF_UNData_EnergyBalance(1.0),454,B07_EL,B49_1235,HSO,2012,702.72,N,,0
UNSD:DF_UNData_EnergyBalance(1.0),454,B07_EL,B49_1235,HSO,2013,1025.28,N,,0
UNSD:DF_UNData_EnergyBalance(1.0),454,B07_EL,B49_1235,HSO,2014,1244.16,N,,0
UNSD:DF_UNData_EnergyBalance(1.0),454,B07_EL,B49_1235,HSO,2015,937.4399999999999,N,,0
UNSD:DF_UNData_EnergyBalance(1.0),454,B07_EL,B49_1235,HSO,2016,310.32,N,,0
UNSD:DF_UNData_EnergyBalance(1.0),454,B07_EL,B49_1235,HSO,2017,262.44000000000005,N,,0
UNSD:DF_UNData_EnergyBalance(1.0),454,B07_EL,B49_1235,HSO,2018,1187.28,N,,0
UNSD:DF_UNData_EnergyBalance(1.0),454,B07_EL,B49_1235,HSO,2019,1063.8,N,,0
UNSD:DF_UNData_EnergyBalance(1.0),454,B07_EL,B49_1235,HSO,2020,1063.8,N,,0
UNSD:DF_UNData_EnergyBalance(1.0),454,B07_EL,B49_1235,HSO,2021,1186.2,N,,0
UNSD:DF_UNData_EnergyBalance(1.0),454,B07_EL,B49_1235,HSO,2022,1214.6399999999999,N,,0
UNSD:DF_UNData_EnergyBalance(1.0),454,B07_EL,B50_1231,HSO,1991,414,Y,,0
UNSD:DF_UNData_EnergyBalance(1.0),454,B07_EL,B50_1231,HSO,1992,485.64000000000004,N,,0
UNSD:DF_UNData_EnergyBalance(1.0),454,B07_EL,B50_1231,HSO,1993,612.36,N,,0
UNSD:DF_UNData_EnergyBalance(1.0),454,B07_EL,B50_1231,HSO,1994,548.64,N,,0
UNSD:DF_UNData_EnergyBalance(1.0),454,B07_EL,B50_1231,HSO,1995,600.48,N,,0
UNSD:DF_UNData_EnergyBalance(1.0),454,B07_EL,B50_1231,HSO,1996,674.2800000000001,N,,0
UNSD:DF_UNData_EnergyBalance(1.0),454,B07_EL,B50_1231,HSO,1997,784.44,N,,0
UNSD:DF_UNData_EnergyBalance(1.0),454,B07_EL,B50_1231,HSO,1998,882,N,,0
UNSD:DF_UNData_EnergyBalance(1.0),454,B07_EL,B50_1231,HSO,1999,947.52,N,,0
UNSD:DF_UNData_EnergyBalance(1.0),454,B07_EL,B50_1231,HSO,2000,1134,N,,0
UNSD:DF_UNData_EnergyBalance(1.0),454,B07_EL,B50_1231,HSO,2001,1017,N,,0
UNSD:DF_UNData_EnergyBalance(1.0),454,B07_EL,B50_1231,HSO,2002,1085.04,N,,0
UNSD:DF_UNData_EnergyBalance(1.0),454,B07_EL,B50_1231,HSO,2003,1119.96,N,,0
UNSD:DF_UNData_EnergyBalance(1.0),454,B07_EL,B50_1231,HSO,2004,1301.7600000000002,N,,0
UNSD:DF_UNData_EnergyBalance(1.0),454,B07_EL,B50_1231,HSO,2005,1455.48,N,,0
UNSD:DF_UNData_EnergyBalance(1.0),454,B07_EL,B50_1231,HSO,2006,1572.84,N,,0
UNSD:DF_UNData_EnergyBalance(1.0),454,B07_EL,B50_1231,HSO,2007,1617.12,N,,0
UNSD:DF_UNData_EnergyBalance(1.0),454,B07_EL,B50_1231,HSO,2008,1726.92,N,,0
UNSD:DF_UNData_EnergyBalance(1.0),454,B07_EL,B50_1231,HSO,2009,1829.88,N,,0
UNSD:DF_UNData_EnergyBalance(1.0),454,B07_EL,B50_1231,HSO,2010,2093.4,N,,0
UNSD:DF_UNData_EnergyBalance(1.0),454,B07_EL,B50_1231,HSO,2011,2160,N,,0
UNSD:DF_UNData_EnergyBalance(1.0),454,B07_EL,B50_1231,HSO,2012,1758.24,N,,0
UNSD:DF_UNData_EnergyBalance(1.0),454,B07_EL,B50_1231,HSO,2013,2099.1600000000003,N,,0
UNSD:DF_UNData_EnergyBalance(1.0),454,B07_EL,B50_1231,HSO,2014,2389.68,N,,0
UNSD:DF_UNData_EnergyBalance(1.0),454,B07_EL,B50_1231,HSO,2015,2187,N,,0
UNSD:DF_UNData_EnergyBalance(1.0),454,B07_EL,B50_1231,HSO,2016,2728.8,N,,0
UNSD:DF_UNData_EnergyBalance(1.0),454,B07_EL,B50_1231,HSO,2017,2679.1200000000003,N,,0
UNSD:DF_UNData_EnergyBalance(1.0),454,B07_EL,B50_1231,HSO,2018,2007.3600000000001,N,,0
UNSD:DF_UNData_EnergyBalance(1.0),454,B07_EL,B50_1231,HSO,2019,2060.2799999999997,N,,0
UNSD:DF_UNData_EnergyBalance(1.0),454,B07_EL,B50_1231,HSO,2020,2160,N,,0
UNSD:DF_UNData_EnergyBalance(1.0),454,B07_EL,B50_1231,HSO,2021,2391.1200000000003,N,,0
UNSD:DF_UNData_EnergyBalance(1.0),454,B07_EL,B50_1231,HSO,2022,2226.24,N,,0
UNSD:DF_UNData_EnergyBalance(1.0),454,B07_EL,B51_1234,HSO,1991,180,Y,,0
UNSD:DF_UNData_EnergyBalance(1.0),454,B07_EL,B51_1234,HSO,1992,72,Y,,0
UNSD:DF_UNData_EnergyBalance(1.0),454,B07_EL,B51_1234,HSO,1993,345.6,Y,,0
UNSD:DF_UNData_EnergyBalance(1.0),454,B07_EL,B51_1234,HSO,1994,320.40000000000003,Y,,0
UNSD:DF_UNData_EnergyBalance(1.0),454,B07_EL,B51_1234,HSO,1995,190.8,Y,,0
UNSD:DF_UNData_EnergyBalance(1.0),454,B07_EL,B51_1234,HSO,1996,356.40000000000003,Y,,0
UNSD:DF_UNData_EnergyBalance(1.0),454,B07_EL,B51_1234,HSO,1997,410.40000000000003,Y,,0
UNSD:DF_UNData_EnergyBalance(1.0),454,B07_EL,B51_1234,HSO,1998,630,Y,,0
UNSD:DF_UNData_EnergyBalance(1.0),454,B07_EL,B51_1234,HSO,1999,561.6,Y,,0
UNSD:DF_UNData_EnergyBalance(1.0),454,B07_EL,B51_1234,HSO,2000,367.2,Y,,0
UNSD:DF_UNData_EnergyBalance(1.0),454,B07_EL,B51_1234,HSO,2001,687.6,Y,,0
UNSD:DF_UNData_EnergyBalance(1.0),454,B07_EL,B51_1234,HSO,2002,669.6,Y,,0
UNSD:DF_UNData_EnergyBalance(1.0),454,B07_EL,B51_1234,HSO,2003,212.4,Y,,0
UNSD:DF_UNData_EnergyBalance(1.0),454,B07_EL,B51_1234,HSO,2004,853.2,Y,,0
UNSD:DF_UNData_EnergyBalance(1.0),454,B07_EL,B51_1234,HSO,2005,734.4,Y,,0
UNSD:DF_UNData_EnergyBalance(1.0),454,B07_EL,B51_1234,HSO,2006,766.8000000000001,Y,,0
UNSD:DF_UNData_EnergyBalance(1.0),454,B07_EL,B51_1234,HSO,2007,626.4,Y,,0
UNSD:DF_UNData_EnergyBalance(1.0),454,B07_EL,B51_1234,HSO,2008,1080,Y,,0
UNSD:DF_UNData_EnergyBalance(1.0),454,B07_EL,B51_1234,HSO,2009,1328.4,Y,,0
UNSD:DF_UNData_EnergyBalance(1.0),454,B07_EL,B51_1234,HSO,2010,1062,Y,,0
UNSD:DF_UNData_EnergyBalance(1.0),454,B07_EL,B51_1234,HSO,2011,1097.82,Y,,0
UNSD:DF_UNData_EnergyBalance(1.0),454,B07_EL,B51_1234,HSO,2012,974.5559999999999,Y,,0
UNSD:DF_UNData_EnergyBalance(1.0),454,B09_TE,B48_1232,HSO,1991,301,Y,,0
UNSD:DF_UNData_EnergyBalance(1.0),454,B09_TE,B48_1232,HSO,1992,301,Y,,0
UNSD:DF_UNData_EnergyBalance(1.0),454,B09_TE,B48_1232,HSO,1993,344,Y,,0
UNSD:DF_UNData_EnergyBalance(1.0),454,B09_TE,B48_1232,HSO,1994,344,Y,,0
UNSD:DF_UNData_EnergyBalance(1.0),454,B09_TE,B48_1232,HSO,1995,387,Y,,0
UNSD:DF_UNData_EnergyBalance(1.0),454,B09_TE,B48_1232,HSO,2016,13.68,N,,0
UNSD:DF_UNData_EnergyBalance(1.0),454,B09_TE,B48_1232,HSO,2017,3.9600000000000004,N,,0
UNSD:DF_UNData_EnergyBalance(1.0),454,B09_TE,B48_1232,HSO,2018,18.720000000000002,N,,0
UNSD:DF_UNData_EnergyBalance(1.0),454,B09_TE,B48_1232,HSO,2019,16.92,N,,0
UNSD:DF_UNData_EnergyBalance(1.0),454,B09_TE,B48_1232,HSO,2020,296.42,N,,0
UNSD:DF_UNData_EnergyBalance(1.0),454,B09_TE,B48_1232,HSO,2021,272.06,N,,0
UNSD:DF_UNData_EnergyBalance(1.0),454,B09_TE,B48_1232,HSO,2022,332.62,N,,0
UNSD:DF_UNData_EnergyBalance(1.0),454,B09_TE,B49_1235,HSO,1991,360,Y,,0
UNSD:DF_UNData_EnergyBalance(1.0),454,B09_TE,B49_1235,HSO,1992,369,N,,0
UNSD:DF_UNData_EnergyBalance(1.0),454,B09_TE,B49_1235,HSO,1993,379.08,N,,0
UNSD:DF_UNData_EnergyBalance(1.0),454,B09_TE,B49_1235,HSO,1994,424.08,N,,0
UNSD:DF_UNData_EnergyBalance(1.0),454,B09_TE,B49_1235,HSO,1995,432,N,,0
UNSD:DF_UNData_EnergyBalance(1.0),454,B09_TE,B49_1235,HSO,1996,451.8,N,,0
UNSD:DF_UNData_EnergyBalance(1.0),454,B09_TE,B49_1235,HSO,1997,456.12,N,,0
UNSD:DF_UNData_EnergyBalance(1.0),454,B09_TE,B49_1235,HSO,1998,426.6,N,,0
UNSD:DF_UNData_EnergyBalance(1.0),454,B09_TE,B49_1235,HSO,1999,470.88000000000005,N,,0
UNSD:DF_UNData_EnergyBalance(1.0),454,B09_TE,B49_1235,HSO,2000,540,N,,0
UNSD:DF_UNData_EnergyBalance(1.0),454,B09_TE,B49_1235,HSO,2001,460.44000000000005,N,,0
UNSD:DF_UNData_EnergyBalance(1.0),454,B09_TE,B49_1235,HSO,2002,506.15999999999997,N,,0
UNSD:DF_UNData_EnergyBalance(1.0),454,B09_TE,B49_1235,HSO,2003,1050.12,N,,0
UNSD:DF_UNData_EnergyBalance(1.0),454,B09_TE,B49_1235,HSO,2004,635.76,N,,0
UNSD:DF_UNData_EnergyBalance(1.0),454,B09_TE,B49_1235,HSO,2005,665.64,N,,0
UNSD:DF_UNData_EnergyBalance(1.0),454,B09_TE,B49_1235,HSO,2006,700.56,N,,0
UNSD:DF_UNData_EnergyBalance(1.0),454,B09_TE,B49_1235,HSO,2007,749.8800000000001,N,,0
UNSD:DF_UNData_EnergyBalance(1.0),454,B09_TE,B49_1235,HSO,2008,1765.44,N,,0
UNSD:DF_UNData_EnergyBalance(1.0),454,B09_TE,B49_1235,HSO,2009,1795.482,N,,0
UNSD:DF_UNData_EnergyBalance(1.0),454,B09_TE,B49_1235,HSO,2010,2042.2566000000002,N,,0
UNSD:DF_UNData_EnergyBalance(1.0),454,B09_TE,B49_1235,HSO,2011,1935.8838,N,,0
UNSD:DF_UNData_EnergyBalance(1.0),454,B09_TE,B49_1235,HSO,2012,1776.744,N,,0
UNSD:DF_UNData_EnergyBalance(1.0),454,B09_TE,B49_1235,HSO,2013,2124.8568,N,,0
UNSD:DF_UNData_EnergyBalance(1.0),454,B09_TE,B49_1235,HSO,2014,2369.277,N,,0
UNSD:DF_UNData_EnergyBalance(1.0),454,B09_TE,B49_1235,HSO,2015,2103.7187999999996,N,,0
UNSD:DF_UNData_EnergyBalance(1.0),454,B09_TE,B49_1235,HSO,2016,1505.923,N,,0
UNSD:DF_UNData_EnergyBalance(1.0),454,B09_TE,B49_1235,HSO,2017,1481.8773999999999,N,,0
UNSD:DF_UNData_EnergyBalance(1.0),454,B09_TE,B49_1235,HSO,2018,2408.3208,N,,0
UNSD:DF_UNData_EnergyBalance(1.0),454,B09_TE,B49_1235,HSO,2019,2307.2562,N,,0
UNSD:DF_UNData_EnergyBalance(1.0),454,B09_TE,B49_1235,HSO,2020,3391.25000315,N,,0
UNSD:DF_UNData_EnergyBalance(1.0),454,B09_TE,B49_1235,HSO,2021,3498.469997795,N,,0
UNSD:DF_UNData_EnergyBalance(1.0),454,B09_TE,B49_1235,HSO,2022,3730.94000126,N,,0
UNSD:DF_UNData_EnergyBalance(1.0),454,B09_TE,B50_1231,HSO,1991,61038.966499999995,Y,,0
UNSD:DF_UNData_EnergyBalance(1.0),454,B09_TE,B50_1231,HSO,1992,63009.772999999994,Y,,0
UNSD:DF_UNData_EnergyBalance(1.0),454,B09_TE,B50_1231,HSO,1993,65067.53600000001,Y,,0
UNSD:DF_UNData_EnergyBalance(1.0),454,B09_TE,B50_1231,HSO,1994,65944.625,Y,,0
UNSD:DF_UNData_EnergyBalance(1.0),454,B09_TE,B50_1231,HSO,1995,65002.577000000005,Y,,0
UNSD:DF_UNData_EnergyBalance(1.0),454,B09_TE,B50_1231,HSO,1996,64861.65649999999,Y,,0
UNSD:DF_UNData_EnergyBalance(1.0),454,B09_TE,B50_1231,HSO,1997,66203.2145,Y,,0
UNSD:DF_UNData_EnergyBalance(1.0),454,B09_TE,B50_1231,HSO,1998,67835.673478,Y,,0
UNSD:DF_UNData_EnergyBalance(1.0),454,B09_TE,B50_1231,HSO,1999,69844.7045,Y,,0
UNSD:DF_UNData_EnergyBalance(1.0),454,B09_TE,B50_1231,HSO,2000,71037.9865,Y,,0
UNSD:DF_UNData_EnergyBalance(1.0),454,B09_TE,B50_1231,HSO,2001,72102.43400000001,Y,,0
UNSD:DF_UNData_EnergyBalance(1.0),454,B09_TE,B50_1231,HSO,2002,73961.95099999999,Y,,0
UNSD:DF_UNData_EnergyBalance(1.0),454,B09_TE,B50_1231,HSO,2003,75923.00899999999,Y,,0
UNSD:DF_UNData_EnergyBalance(1.0),454,B09_TE,B50_1231,HSO,2004,78097.079,Y,,0
UNSD:DF_UNData_EnergyBalance(1.0),454,B09_TE,B50_1231,HSO,2005,82673.87309653498,N,,0
UNSD:DF_UNData_EnergyBalance(1.0),454,B09_TE,B50_1231,HSO,2006,85128.052297165,N,,0
UNSD:DF_UNData_EnergyBalance(1.0),454,B09_TE,B50_1231,HSO,2007,87500.686604095,N,,0
UNSD:DF_UNData_EnergyBalance(1.0),454,B09_TE,B50_1231,HSO,2008,89894.67429558998,N,,0
UNSD:DF_UNData_EnergyBalance(1.0),454,B09_TE,B50_1231,HSO,2009,92197.77199622,N,,0
UNSD:DF_UNData_EnergyBalance(1.0),454,B09_TE,B50_1231,HSO,2010,94688.62780315,N,,0
UNSD:DF_UNData_EnergyBalance(1.0),454,B09_TE,B50_1231,HSO,2011,97089.30550378001,N,,0
UNSD:DF_UNData_EnergyBalance(1.0),454,B09_TE,B50_1231,HSO,2012,99179.91049685,N,,0
UNSD:DF_UNData_EnergyBalance(1.0),454,B09_TE,B50_1231,HSO,2013,101982.388999055,N,,0
UNSD:DF_UNData_EnergyBalance(1.0),454,B09_TE,B50_1231,HSO,2014,104897.37400125999,N,,0
UNSD:DF_UNData_EnergyBalance(1.0),454,B09_TE,B50_1231,HSO,2015,107188.06060063001,N,,0
UNSD:DF_UNData_EnergyBalance(1.0),454,B09_TE,B50_1231,HSO,2016,110374.000602835,N,,0
UNSD:DF_UNData_EnergyBalance(1.0),454,B09_TE,B50_1231,HSO,2017,112800.05650378,N,,0
UNSD:DF_UNData_EnergyBalance(1.0),454,B09_TE,B50_1231,HSO,2018,114707.54460189,N,,0
UNSD:DF_UNData_EnergyBalance(1.0),454,B09_TE,B50_1231,HSO,2019,117244.26000000001,N,,0
UNSD:DF_UNData_EnergyBalance(1.0),454,B09_TE,B50_1231,HSO,2020,119763.12450126,N,,0
UNSD:DF_UNData_EnergyBalance(1.0),454,B09_TE,B50_1231,HSO,2021,122502.34176570499,N,,0
UNSD:DF_UNData_EnergyBalance(1.0),454,B09_TE,B50_1231,HSO,2022,124840.7402034186,N,,0
UNSD:DF_UNData_EnergyBalance(1.0),454,B09_TE,B51_1234,HSO,1991,3073.8,Y,,0
UNSD:DF_UNData_EnergyBalance(1.0),454,B09_TE,B51_1234,HSO,1992,2921.1,Y,,0
UNSD:DF_UNData_EnergyBalance(1.0),454,B09_TE,B51_1234,HSO,1993,2634,Y,,0
UNSD:DF_UNData_EnergyBalance(1.0),454,B09_TE,B51_1234,HSO,1994,2524.05,Y,,0
UNSD:DF_UNData_EnergyBalance(1.0),454,B09_TE,B51_1234,HSO,1995,2438.7000000000003,Y,,0
UNSD:DF_UNData_EnergyBalance(1.0),454,B09_TE,B51_1234,HSO,1996,2648.55,Y,,0
UNSD:DF_UNData_EnergyBalance(1.0),454,B09_TE,B51_1234,HSO,1997,2749.75,Y,,0
UNSD:DF_UNData_EnergyBalance(1.0),454,B09_TE,B51_1234,HSO,1998,3016.55,Y,,0
UNSD:DF_UNData_EnergyBalance(1.0),454,B09_TE,B51_1234,HSO,1999,3035.75,Y,,0
UNSD:DF_UNData_EnergyBalance(1.0),454,B09_TE,B51_1234,HSO,2000,2888.5499999999997,Y,,0
UNSD:DF_UNData_EnergyBalance(1.0),454,B09_TE,B51_1234,HSO,2001,3259.1,Y,,0
UNSD:DF_UNData_EnergyBalance(1.0),454,B09_TE,B51_1234,HSO,2002,3755.65,Y,,0
UNSD:DF_UNData_EnergyBalance(1.0),454,B09_TE,B51_1234,HSO,2003,3632.4000000000005,Y,,0
UNSD:DF_UNData_EnergyBalance(1.0),454,B09_TE,B51_1234,HSO,2004,4352.1,Y,,0
UNSD:DF_UNData_EnergyBalance(1.0),454,B09_TE,B51_1234,HSO,2005,1843.8000000000002,Y,,0
UNSD:DF_UNData_EnergyBalance(1.0),454,B09_TE,B51_1234,HSO,2006,1876.2,Y,,0
UNSD:DF_UNData_EnergyBalance(1.0),454,B09_TE,B51_1234,HSO,2007,1776.1999999999998,Y,,0
UNSD:DF_UNData_EnergyBalance(1.0),454,B09_TE,B51_1234,HSO,2008,2298.661,Y,,0
UNSD:DF_UNData_EnergyBalance(1.0),454,B09_TE,B51_1234,HSO,2009,2556.6450000000004,Y,,0
UNSD:DF_UNData_EnergyBalance(1.0),454,B09_TE,B51_1234,HSO,2010,2226.3535,Y,,0
UNSD:DF_UNData_EnergyBalance(1.0),454,B09_TE,B51_1234,HSO,2011,2451.122,Y,,0
UNSD:DF_UNData_EnergyBalance(1.0),454,B09_TE,B51_1234,HSO,2012,2287.7335000000003,Y,,0
UNSD:DF_UNData_EnergyBalance(1.0),454,B09_TE,B51_1234,HSO,2013,1289.9635,Y,,0
UNSD:DF_UNData_EnergyBalance(1.0),454,B09_TE,B51_1234,HSO,2014,1093.9189999999999,Y,,0
UNSD:DF_UNData_EnergyBalance(1.0),454,B09_TE,B51_1234,HSO,2015,1183.0230000000001,Y,,0
UNSD:DF_UNData_EnergyBalance(1.0),454,B09_TE,B51_1234,HSO,2016,1067.85,Y,,0
UNSD:DF_UNData_EnergyBalance(1.0),454,B09_TE,B51_1234,HSO,2017,1004.0405000000001,Y,,0
UNSD:DF_UNData_EnergyBalance(1.0),454,B09_TE,B51_1234,HSO,2018,1245.13,Y,,0
UNSD:DF_UNData_EnergyBalance(1.0),454,B09_TE,B51_1234,HSO,2019,1309.99,Y,,0
UNSD:DF_UNData_EnergyBalance(1.0),454,B09_TE,B51_1234,HSO,2020,733.88,Y,,0
UNSD:DF_UNData_EnergyBalance(1.0),454,B09_TE,B51_1234,HSO,2021,273.52,Y,,0
UNSD:DF_UNData_EnergyBalance(1.0),454,B09_TE,B51_1234,HSO,2022,612.96,Y,,0
UNSD:DF_UNData_EnergyBalance(1.0),454,B10_RE,B49_1235,HSO,2008,970.2,N,,0
UNSD:DF_UNData_EnergyBalance(1.0),454,B10_RE,B49_1235,HSO,2009,996.2819999999999,N,,0
UNSD:DF_UNData_EnergyBalance(1.0),454,B10_RE,B49_1235,HSO,2010,1022.3766,N,,0
UNSD:DF_UNData_EnergyBalance(1.0),454,B10_RE,B49_1235,HSO,2011,1048.4838,N,,0
UNSD:DF_UNData_EnergyBalance(1.0),454,B10_RE,B49_1235,HSO,2012,1074.024,N,,0
UNSD:DF_UNData_EnergyBalance(1.0),454,B10_RE,B49_1235,HSO,2013,1099.5768,N,,0
UNSD:DF_UNData_EnergyBalance(1.0),454,B10_RE,B49_1235,HSO,2014,1125.117,N,,0
UNSD:DF_UNData_EnergyBalance(1.0),454,B10_RE,B49_1235,HSO,2015,1150.6698,N,,0
UNSD:DF_UNData_EnergyBalance(1.0),454,B10_RE,B49_1235,HSO,2016,1176.21,N,,0
UNSD:DF_UNData_EnergyBalance(1.0),454,B10_RE,B49_1235,HSO,2017,1198.6254,N,,0
UNSD:DF_UNData_EnergyBalance(1.0),454,B10_RE,B49_1235,HSO,2018,1221.0408,N,,0
UNSD:DF_UNData_EnergyBalance(1.0),454,B10_RE,B49_1235,HSO,2019,1243.4562,N,,0
UNSD:DF_UNData_EnergyBalance(1.0),454,B10_RE,B49_1235,HSO,2020,1587.8500031499998,N,,0
UNSD:DF_UNData_EnergyBalance(1.0),454,B10_RE,B49_1235,HSO,2021,1632.869997795,N,,0
UNSD:DF_UNData_EnergyBalance(1.0),454,B10_RE,B49_1235,HSO,2022,1682.10000126,N,,0
UNSD:DF_UNData_EnergyBalance(1.0),454,B10_RE,B50_1231,HSO,1991,59997.7665,Y,,0
UNSD:DF_UNData_EnergyBalance(1.0),454,B10_RE,B50_1231,HSO,1992,61896.933,Y,,0
UNSD:DF_UNData_EnergyBalance(1.0),454,B10_RE,B50_1231,HSO,1993,63740.376000000004,Y,,0
UNSD:DF_UNData_EnergyBalance(1.0),454,B10_RE,B50_1231,HSO,1994,64593.585,Y,,0
UNSD:DF_UNData_EnergyBalance(1.0),454,B10_RE,B50_1231,HSO,1995,63599.697,Y,,0
UNSD:DF_UNData_EnergyBalance(1.0),454,B10_RE,B50_1231,HSO,1996,63341.176499999994,Y,,0
UNSD:DF_UNData_EnergyBalance(1.0),454,B10_RE,B50_1231,HSO,1997,64572.574499999995,Y,,0
UNSD:DF_UNData_EnergyBalance(1.0),454,B10_RE,B50_1231,HSO,1998,65834.118,Y,,0
UNSD:DF_UNData_EnergyBalance(1.0),454,B10_RE,B50_1231,HSO,1999,67218.0705,Y,,0
UNSD:DF_UNData_EnergyBalance(1.0),454,B10_RE,B50_1231,HSO,2000,68752.7505,Y,,0
UNSD:DF_UNData_EnergyBalance(1.0),454,B10_RE,B50_1231,HSO,2001,70374.213,Y,,0
UNSD:DF_UNData_EnergyBalance(1.0),454,B10_RE,B50_1231,HSO,2002,72093.42,Y,,0
UNSD:DF_UNData_EnergyBalance(1.0),454,B10_RE,B50_1231,HSO,2003,73924.074,Y,,0
UNSD:DF_UNData_EnergyBalance(1.0),454,B10_RE,B50_1231,HSO,2004,75869.829,Y,,0
UNSD:DF_UNData_EnergyBalance(1.0),454,B10_RE,B50_1231,HSO,2005,80396.70909653499,N,,0
UNSD:DF_UNData_EnergyBalance(1.0),454,B10_RE,B50_1231,HSO,2006,82740.10229716501,N,,0
UNSD:DF_UNData_EnergyBalance(1.0),454,B10_RE,B50_1231,HSO,2007,85142.478604095,N,,0
UNSD:DF_UNData_EnergyBalance(1.0),454,B10_RE,B50_1231,HSO,2008,87426.84229558999,N,,0
UNSD:DF_UNData_EnergyBalance(1.0),454,B10_RE,B50_1231,HSO,2009,89770.20599622,N,,0
UNSD:DF_UNData_EnergyBalance(1.0),454,B10_RE,B50_1231,HSO,2010,92113.61180315,N,,0
UNSD:DF_UNData_EnergyBalance(1.0),454,B10_RE,B50_1231,HSO,2011,94456.97550378,N,,0
UNSD:DF_UNData_EnergyBalance(1.0),454,B10_RE,B50_1231,HSO,2012,97084.59449685,N,,0
UNSD:DF_UNData_EnergyBalance(1.0),454,B10_RE,B50_1231,HSO,2013,99712.242999055,N,,0
UNSD:DF_UNData_EnergyBalance(1.0),454,B10_RE,B50_1231,HSO,2014,102339.86200126,N,,0
UNSD:DF_UNData_EnergyBalance(1.0),454,B10_RE,B50_1231,HSO,2015,104967.49360063001,N,,0
UNSD:DF_UNData_EnergyBalance(1.0),454,B10_RE,B50_1231,HSO,2016,107595.112602835,N,,0
UNSD:DF_UNData_EnergyBalance(1.0),454,B10_RE,B50_1231,HSO,2017,110077.78650378001,N,,0
UNSD:DF_UNData_EnergyBalance(1.0),454,B10_RE,B50_1231,HSO,2018,112560.47300189,N,,0
UNSD:DF_UNData_EnergyBalance(1.0),454,B10_RE,B50_1231,HSO,2019,115043.13,N,,0
UNSD:DF_UNData_EnergyBalance(1.0),454,B10_RE,B50_1231,HSO,2020,117526.33000126,N,,0
UNSD:DF_UNData_EnergyBalance(1.0),454,B10_RE,B50_1231,HSO,2021,120006.519995905,N,,0
UNSD:DF_UNData_EnergyBalance(1.0),454,B10_RE,B50_1231,HSO,2022,122490.91999937,N,,0
UNSD:DF_UNData_EnergyBalance(1.0),454,B10_RE,B51_1234,HSO,1991,2076.8,Y,,0
UNSD:DF_UNData_EnergyBalance(1.0),454,B10_RE,B51_1234,HSO,1992,2118.1,Y,,0
UNSD:DF_UNData_EnergyBalance(1.0),454,B10_RE,B51_1234,HSO,1993,2159.4,Y,,0
UNSD:DF_UNData_EnergyBalance(1.0),454,B10_RE,B51_1234,HSO,1994,2203.65,Y,,0
UNSD:DF_UNData_EnergyBalance(1.0),454,B10_RE,B51_1234,HSO,1995,2247.9,Y,,0
UNSD:DF_UNData_EnergyBalance(1.0),454,B10_RE,B51_1234,HSO,1996,2292.15,Y,,0
UNSD:DF_UNData_EnergyBalance(1.0),454,B10_RE,B51_1234,HSO,1997,2339.35,Y,,0
UNSD:DF_UNData_EnergyBalance(1.0),454,B10_RE,B51_1234,HSO,1998,2386.55,Y,,0
UNSD:DF_UNData_EnergyBalance(1.0),454,B10_RE,B51_1234,HSO,1999,2433.75,Y,,0
UNSD:DF_UNData_EnergyBalance(1.0),454,B10_RE,B51_1234,HSO,2000,2480.95,Y,,0
UNSD:DF_UNData_EnergyBalance(1.0),454,B10_RE,B51_1234,HSO,2001,2531.1,Y,,0
UNSD:DF_UNData_EnergyBalance(1.0),454,B10_RE,B51_1234,HSO,2002,2581.25,Y,,0
UNSD:DF_UNData_EnergyBalance(1.0),454,B10_RE,B51_1234,HSO,2003,2631.4,Y,,0
UNSD:DF_UNData_EnergyBalance(1.0),454,B10_RE,B51_1234,HSO,2004,2684.5,Y,,0
UNSD:DF_UNData_EnergyBalance(1.0),454,B10_RE,B51_1234,HSO,2005,295,Y,,0
UNSD:DF_UNData_EnergyBalance(1.0),454,B10_RE,B51_1234,HSO,2006,295,Y,,0
UNSD:DF_UNData_EnergyBalance(1.0),454,B10_RE,B51_1234,HSO,2007,295,Y,,0
UNSD:DF_UNData_EnergyBalance(1.0),454,B10_RE,B51_1234,HSO,2008,313.467,N,,0
UNSD:DF_UNData_EnergyBalance(1.0),454,B10_RE,B51_1234,HSO,2009,321.845,N,,0
UNSD:DF_UNData_EnergyBalance(1.0),454,B10_RE,B51_1234,HSO,2010,330.1935,N,,0
UNSD:DF_UNData_EnergyBalance(1.0),454,B10_RE,B51_1234,HSO,2011,338.542,N,,0
UNSD:DF_UNData_EnergyBalance(1.0),454,B10_RE,B51_1234,HSO,2012,350.0175,N,,0
UNSD:DF_UNData_EnergyBalance(1.0),454,B10_RE,B51_1234,HSO,2013,361.4635,N,,0
UNSD:DF_UNData_EnergyBalance(1.0),454,B10_RE,B51_1234,HSO,2014,372.93899999999996,N,,0
UNSD:DF_UNData_EnergyBalance(1.0),454,B10_RE,B51_1234,HSO,2015,384.385,N,,0
UNSD:DF_UNData_EnergyBalance(1.0),454,B10_RE,B51_1234,HSO,2016,395.89,N,,0
UNSD:DF_UNData_EnergyBalance(1.0),454,B10_RE,B51_1234,HSO,2017,360.46049999999997,N,,0
UNSD:DF_UNData_EnergyBalance(1.0),454,B10_RE,B51_1234,HSO,2018,419.49,N,,0
UNSD:DF_UNData_EnergyBalance(1.0),454,B10_RE,B51_1234,HSO,2019,431.28999999999996,N,,0
